{"cameraMode":{"drawMode":0,"name":"Shaded","section":"Shading Mode"},"sceneLighting":false,"audioPlay":false,"sceneViewState":{"showFog":true,"showMaterialUpdate":false,"showSkybox":false,"showFlares":true,"showImageEffects":true,"showParticleSystems":true},"in2DMode":false,"pivot":{"x":0.021542727947235109,"y":-0.0402827262878418,"z":-0.0008266568183898926},"rotation":{"x":0.25760793685913088,"y":-0.7159609198570252,"z":0.3300946354866028,"w":0.5587580800056458},"size":0.7380868792533875,"orthographic":false}