{"cameraMode":{"drawMode":0,"name":"Shaded","section":"Shading Mode"},"sceneLighting":false,"audioPlay":false,"sceneViewState":{"showFog":true,"showMaterialUpdate":false,"showSkybox":false,"showFlares":true,"showImageEffects":true,"showParticleSystems":true},"in2DMode":false,"pivot":{"x":-0.08143883943557739,"y":0.014116555452346802,"z":0.056010182946920398},"rotation":{"x":0.14144550263881684,"y":-0.7283773422241211,"z":0.1571490466594696,"w":0.6519957184791565},"size":0.5038446187973023,"orthographic":false}