{"cameraMode":{"drawMode":0,"name":"Shaded","section":"Shading Mode"},"sceneLighting":false,"audioPlay":false,"sceneViewState":{"showFog":true,"showMaterialUpdate":false,"showSkybox":false,"showFlares":true,"showImageEffects":true,"showParticleSystems":true},"in2DMode":false,"pivot":{"x":274.6303405761719,"y":172.89768981933595,"z":-0.1384361982345581},"rotation":{"x":0.011059789918363095,"y":0.9274472594261169,"z":-0.3731299936771393,"w":0.0277224350720644},"size":1.0667047500610352,"orthographic":false}