{"cameraMode":{"drawMode":0,"name":"Shaded","section":"Shading Mode"},"sceneLighting":false,"audioPlay":false,"sceneViewState":{"showFog":true,"showMaterialUpdate":false,"showSkybox":false,"showFlares":true,"showImageEffects":true,"showParticleSystems":true},"in2DMode":false,"pivot":{"x":-0.28935348987579348,"y":-0.4217771887779236,"z":-1.010982871055603},"rotation":{"x":-0.01828913763165474,"y":-0.9817324876785278,"z":0.13634873926639558,"w":-0.13178648054599763},"size":2.4691312313079836,"orthographic":false}