{"cameraMode":{"drawMode":0,"name":"Shaded","section":"Shading Mode"},"sceneLighting":false,"audioPlay":false,"sceneViewState":{"showFog":true,"showMaterialUpdate":false,"showSkybox":false,"showFlares":true,"showImageEffects":true,"showParticleSystems":true},"in2DMode":false,"pivot":{"x":0.11600053310394287,"y":1.187999963760376,"z":0.2990000247955322},"rotation":{"x":0.0554453507065773,"y":-0.7141755223274231,"z":0.056867025792598727,"w":0.6955460906028748},"size":0.46698206663131716,"orthographic":false}