{"cameraMode":{"drawMode":0,"name":"Shaded","section":"Shading Mode"},"sceneLighting":false,"audioPlay":false,"sceneViewState":{"showFog":true,"showMaterialUpdate":false,"showSkybox":false,"showFlares":true,"showImageEffects":true,"showParticleSystems":true},"in2DMode":false,"pivot":{"x":274.95001220703127,"y":173.6490020751953,"z":2.5739998817443849},"rotation":{"x":-0.044796910136938098,"y":0.9547392129898071,"z":-0.2260446846485138,"w":-0.18871702253818513},"size":0.8667261004447937,"orthographic":false}