{"cameraMode":{"drawMode":0,"name":"Shaded","section":"Shading Mode"},"sceneLighting":false,"audioPlay":false,"sceneViewState":{"showFog":true,"showMaterialUpdate":false,"showSkybox":false,"showFlares":true,"showImageEffects":true,"showParticleSystems":true},"in2DMode":false,"pivot":{"x":275.25,"y":174.40899658203126,"z":1.4140000343322755},"rotation":{"x":-0.044796910136938098,"y":0.9547392129898071,"z":-0.2260446846485138,"w":-0.18871702253818513},"size":1.1667261123657227,"orthographic":false}