{"cameraMode":{"drawMode":0,"name":"Shaded","section":"Shading Mode"},"sceneLighting":false,"audioPlay":false,"sceneViewState":{"showFog":true,"showMaterialUpdate":false,"showSkybox":false,"showFlares":true,"showImageEffects":true,"showParticleSystems":true},"in2DMode":false,"pivot":{"x":-0.0010858774185180665,"y":-0.4632798731327057,"z":0.016525045037269594},"rotation":{"x":-0.2618069648742676,"y":-0.12045077979564667,"z":0.032868094742298129,"w":-0.9570938944816589},"size":2.488234281539917,"orthographic":false}