{"cameraMode":{"drawMode":0,"name":"Shaded","section":"Shading Mode"},"sceneLighting":false,"audioPlay":false,"sceneViewState":{"showFog":true,"showMaterialUpdate":false,"showSkybox":false,"showFlares":true,"showImageEffects":true,"showParticleSystems":true},"in2DMode":false,"pivot":{"x":0.0,"y":0.014265760779380799,"z":0.0167820006608963},"rotation":{"x":-0.047146379947662356,"y":0.5788773894309998,"z":-0.03355388715863228,"w":-0.8134023547172546},"size":0.788993239402771,"orthographic":false}