{"cameraMode":{"drawMode":0,"name":"Shaded","section":"Shading Mode"},"sceneLighting":true,"audioPlay":false,"sceneViewState":{"showFog":true,"showMaterialUpdate":false,"showSkybox":true,"showFlares":true,"showImageEffects":true,"showParticleSystems":true},"in2DMode":false,"pivot":{"x":-0.6589018106460571,"y":1.4323005676269532,"z":-0.0039217472076416019},"rotation":{"x":0.07523856312036514,"y":0.0014914178755134345,"z":-0.00011349242413416505,"w":0.9971686601638794},"size":1.9374091625213624,"orthographic":false}