{"cameraMode":{"drawMode":0,"name":"Shaded","section":"Shading Mode"},"sceneLighting":true,"audioPlay":false,"sceneViewState":{"showFog":true,"showMaterialUpdate":false,"showSkybox":true,"showFlares":true,"showImageEffects":true,"showParticleSystems":true},"in2DMode":false,"pivot":{"x":11.645307540893555,"y":-3.185962200164795,"z":-0.10659222304821015},"rotation":{"x":0.2152099311351776,"y":0.6865381002426148,"z":-0.2248479574918747,"w":0.6571102738380432},"size":8.94955825805664,"orthographic":false}