{"cameraMode":{"drawMode":0,"name":"Shaded","section":"Shading Mode"},"sceneLighting":true,"audioPlay":false,"sceneViewState":{"showFog":true,"showMaterialUpdate":false,"showSkybox":true,"showFlares":true,"showImageEffects":true,"showParticleSystems":true},"in2DMode":false,"pivot":{"x":2.634317636489868,"y":-0.8767297267913818,"z":2.0846288204193117},"rotation":{"x":0.2111029177904129,"y":-0.07323697954416275,"z":0.015864325687289239,"w":0.9745995402336121},"size":4.778778076171875,"orthographic":false}