{"cameraMode":{"drawMode":0,"name":"Shaded","section":"Shading Mode"},"sceneLighting":false,"audioPlay":false,"sceneViewState":{"showFog":true,"showMaterialUpdate":false,"showSkybox":false,"showFlares":true,"showImageEffects":true,"showParticleSystems":true},"in2DMode":false,"pivot":{"x":0.02601107954978943,"y":-0.0164357777684927,"z":-0.03449876606464386},"rotation":{"x":-0.030021069571375848,"y":0.8502397537231445,"z":-0.048780638724565509,"w":-0.5232762098312378},"size":0.3721688389778137,"orthographic":false}