{"cameraMode":{"drawMode":0,"name":"Shaded","section":"Shading Mode"},"sceneLighting":true,"audioPlay":false,"sceneViewState":{"showFog":true,"showMaterialUpdate":false,"showSkybox":true,"showFlares":true,"showImageEffects":true,"showParticleSystems":true},"in2DMode":false,"pivot":{"x":0.7104053497314453,"y":-2.7162322998046877,"z":-11.100458145141602},"rotation":{"x":-0.2078121155500412,"y":0.7144563794136047,"z":-0.237802192568779,"w":-0.6243537068367004},"size":24.403179168701173,"orthographic":false}