{"cameraMode":{"drawMode":0,"name":"Shaded","section":"Shading Mode"},"sceneLighting":true,"audioPlay":false,"sceneViewState":{"showFog":true,"showMaterialUpdate":false,"showSkybox":true,"showFlares":true,"showImageEffects":true,"showParticleSystems":true},"in2DMode":false,"pivot":{"x":563.1646118164063,"y":258.21978759765627,"z":-67.01589965820313},"rotation":{"x":0.0015475723193958402,"y":0.9919641613960266,"z":-0.12596571445465089,"w":0.012202995829284191},"size":361.4328918457031,"orthographic":false}