{"cameraMode":{"drawMode":0,"name":"Shaded","section":"Shading Mode"},"sceneLighting":true,"audioPlay":false,"sceneViewState":{"showFog":true,"showMaterialUpdate":false,"showSkybox":true,"showFlares":true,"showImageEffects":true,"showParticleSystems":true},"in2DMode":false,"pivot":{"x":3.3641982078552248,"y":1.3666667938232422,"z":-1.5100557804107667},"rotation":{"x":0.002984006656333804,"y":0.7842466235160828,"z":-0.0037718077655881645,"w":0.6204307079315186},"size":5.954019069671631,"orthographic":false}