{"cameraMode":{"drawMode":0,"name":"Shaded","section":"Shading Mode"},"sceneLighting":true,"audioPlay":false,"sceneViewState":{"showFog":true,"showMaterialUpdate":false,"showSkybox":true,"showFlares":true,"showImageEffects":true,"showParticleSystems":true},"in2DMode":false,"pivot":{"x":-1.939992904663086,"y":-0.526827335357666,"z":-0.6153450608253479},"rotation":{"x":-0.1060790866613388,"y":0.7229710817337036,"z":-0.11393681168556214,"w":-0.6731110215187073},"size":4.40110969543457,"orthographic":false}