{"cameraMode":{"drawMode":0,"name":"Shaded","section":"Shading Mode"},"sceneLighting":true,"audioPlay":false,"sceneViewState":{"showFog":true,"showMaterialUpdate":false,"showSkybox":true,"showFlares":true,"showImageEffects":true,"showParticleSystems":true},"in2DMode":false,"pivot":{"x":-0.18445730209350587,"y":1.0672863721847535,"z":-0.9599891901016235},"rotation":{"x":-0.09932997077703476,"y":0.852118194103241,"z":-0.1752268671989441,"w":-0.48303598165512087},"size":1.3907952308654786,"orthographic":false}