{"cameraMode":{"drawMode":0,"name":"Shaded","section":"Shading Mode"},"sceneLighting":true,"audioPlay":false,"sceneViewState":{"showFog":true,"showMaterialUpdate":false,"showSkybox":true,"showFlares":true,"showImageEffects":true,"showParticleSystems":true},"in2DMode":false,"pivot":{"x":0.4236149787902832,"y":-4.72416877746582,"z":9.349105834960938},"rotation":{"x":0.21187059581279756,"y":0.1920568197965622,"z":-0.04251207038760185,"w":0.9573023915290833},"size":8.317895889282227,"orthographic":false}