{"cameraMode":{"drawMode":0,"name":"Shaded","section":"Shading Mode"},"sceneLighting":true,"audioPlay":false,"sceneViewState":{"showFog":true,"showMaterialUpdate":false,"showSkybox":true,"showFlares":true,"showImageEffects":true,"showParticleSystems":true},"in2DMode":false,"pivot":{"x":42.212745666503909,"y":-16.019916534423829,"z":8.779494285583496},"rotation":{"x":-0.16344480216503144,"y":-0.5948964953422546,"z":0.12511396408081056,"w":-0.7770394086837769},"size":23.962011337280275,"orthographic":false}