{"cameraMode":{"drawMode":0,"name":"Shaded","section":"Shading Mode"},"sceneLighting":true,"audioPlay":false,"sceneViewState":{"showFog":true,"showMaterialUpdate":false,"showSkybox":true,"showFlares":true,"showImageEffects":true,"showParticleSystems":true},"in2DMode":false,"pivot":{"x":-2.173445701599121,"y":2.2112975120544435,"z":1.610005259513855},"rotation":{"x":-0.05408801510930061,"y":0.6931576728820801,"z":-0.05230023339390755,"w":-0.716849148273468},"size":3.6073946952819826,"orthographic":false}