{"cameraMode":{"drawMode":0,"name":"Shaded","section":"Shading Mode"},"sceneLighting":true,"audioPlay":false,"sceneViewState":{"showFog":true,"showMaterialUpdate":false,"showSkybox":true,"showFlares":true,"showImageEffects":true,"showParticleSystems":true},"in2DMode":false,"pivot":{"x":202.62710571289063,"y":-628.6929931640625,"z":570.2628173828125},"rotation":{"x":-0.38808131217956545,"y":-0.16262854635715486,"z":0.06977830827236176,"w":-0.9044790863990784},"size":453.5369873046875,"orthographic":false}