{"cameraMode":{"drawMode":0,"name":"Shaded","section":"Shading Mode"},"sceneLighting":true,"audioPlay":false,"sceneViewState":{"showFog":true,"showMaterialUpdate":false,"showSkybox":true,"showFlares":true,"showImageEffects":true,"showParticleSystems":true},"in2DMode":false,"pivot":{"x":3.244938373565674,"y":0.5126068592071533,"z":1.6580181121826172},"rotation":{"x":-0.26878005266189577,"y":-0.21390090882778169,"z":0.06134803220629692,"w":-0.9371462464332581},"size":4.42872953414917,"orthographic":false}